"press","rho","vx1","vx2","vx3","geo","pressMed","rhoMed","vx1Med","vx2Med","vx3Med","geo_input_1","vx1f","vx2f","vx3f","vx1f2","vx2f2","vx3f2","vx12f","vtkValidPointMask","Points:0","Points:1","Points:2"
0.0021323,-0.0018791,0.3484,0.00081043,-0.0108,19,9.3928e+009,-0.0045848,0.41113,0.00013936,-0.00011145,19,-0.062724,0.00067107,-0.010688,0.0044256,8.001e-007,0.00014211,-5.5201e-005,1,24.5,1.5,52.75
