"press","rho","vx1","vx2","vx3","geo","pressMed","rhoMed","vx1Med","vx2Med","vx3Med","geo_input_1","vx1f","vx2f","vx3f","vx1f2","vx2f2","vx3f2","vx12f","vtkValidPointMask","Points:0","Points:1","Points:2"
-0.0002601,-0.0039473,0.35434,-0.002418,0.025251,19,1.0289e+010,-0.004786,0.42361,-7.8444e-005,0.00055072,19,-0.069273,-0.0023395,0.0247,0.0048093,5.481e-006,0.00063564,0.00016235,1,1.5,1.5,52.75
